"dependiente","tipo_dependiente","explicativa_principal","especificacion","modelo","termino","estimacion","error_std","estadistico","p_valor"
"ALQUILER_MED_M_M2_COL","principal","VIVIENDAS_VACACIONALES_DISPONIBLES_M_PER_MIL","sin_control","pool","(Intercept)",5.57429070071613,0.158174434903496,35.2414137222432,2.34516960918275e-121
"ALQUILER_MED_M_M2_COL","principal","VIVIENDAS_VACACIONALES_DISPONIBLES_M_PER_MIL","sin_control","pool","VIVIENDAS_VACACIONALES_DISPONIBLES_M_PER_MIL",0.0318855252681993,0.00649781414525106,4.90711561694988,1.37791958945534e-06
"ALQUILER_MED_M_M2_COL","principal","VIVIENDAS_VACACIONALES_DISPONIBLES_M_PER_MIL","sin_control","fe","VIVIENDAS_VACACIONALES_DISPONIBLES_M_PER_MIL",0.0387347019785328,0.0069500235891486,5.57331949765051,5.58251381822728e-08
"ALQUILER_MED_M_M2_COL","principal","VIVIENDAS_VACACIONALES_DISPONIBLES_M_PER_MIL","sin_control","fe_tw","VIVIENDAS_VACACIONALES_DISPONIBLES_M_PER_MIL",0.0172603913097649,0.00513292149888008,3.36268367118624,0.000873779464249645
"ALQUILER_MED_M_M2_COL","principal","VIVIENDAS_VACACIONALES_DISPONIBLES_M_PER_MIL","sin_control","re","(Intercept)",5.49169775415078,0.14386681503856,38.1720951609227,1.40560717371606e-131
"ALQUILER_MED_M_M2_COL","principal","VIVIENDAS_VACACIONALES_DISPONIBLES_M_PER_MIL","sin_control","re","VIVIENDAS_VACACIONALES_DISPONIBLES_M_PER_MIL",0.0336950838350879,0.00595470601910184,5.65856378585255,3.02478868772549e-08
"ALQUILER_MED_M_M2_COL","principal","VIVIENDAS_VACACIONALES_DISPONIBLES_M_PER_MIL","con_control","pool","(Intercept)",4.10621945281845,0.598935880248475,6.85585817819921,2.91879023507179e-11
"ALQUILER_MED_M_M2_COL","principal","VIVIENDAS_VACACIONALES_DISPONIBLES_M_PER_MIL","con_control","pool","VIVIENDAS_VACACIONALES_DISPONIBLES_M_PER_MIL",0.0334135058384753,0.00685653189552673,4.87323713323271,1.62156129815089e-06
"ALQUILER_MED_M_M2_COL","principal","VIVIENDAS_VACACIONALES_DISPONIBLES_M_PER_MIL","con_control","pool","RENTA_NETA_MEDIA_HOGAR",4.59787251275477e-05,1.74880129643958e-05,2.62915662409199,0.00891087114543842
"ALQUILER_MED_M_M2_COL","principal","VIVIENDAS_VACACIONALES_DISPONIBLES_M_PER_MIL","con_control","fe","VIVIENDAS_VACACIONALES_DISPONIBLES_M_PER_MIL",0.00222338484018402,0.00517228824647567,0.429864836264492,0.667604633765801
"ALQUILER_MED_M_M2_COL","principal","VIVIENDAS_VACACIONALES_DISPONIBLES_M_PER_MIL","con_control","fe","RENTA_NETA_MEDIA_HOGAR",0.00012228064135205,5.9817747116464e-06,20.4422010601589,1.1669170670202e-58
"ALQUILER_MED_M_M2_COL","principal","VIVIENDAS_VACACIONALES_DISPONIBLES_M_PER_MIL","con_control","fe_tw","VIVIENDAS_VACACIONALES_DISPONIBLES_M_PER_MIL",0.0157985280489466,0.00540581323519376,2.92250719023969,0.00374177244201487
"ALQUILER_MED_M_M2_COL","principal","VIVIENDAS_VACACIONALES_DISPONIBLES_M_PER_MIL","con_control","fe_tw","RENTA_NETA_MEDIA_HOGAR",2.92253075963815e-05,1.80698019422397e-05,1.61735627705276,0.106873776838543
"ALQUILER_MED_M_M2_COL","principal","VIVIENDAS_VACACIONALES_DISPONIBLES_M_PER_MIL","con_control","re","(Intercept)",2.50362285703683,0.221546094543296,11.3006860364562,1.08347035299447e-25
"ALQUILER_MED_M_M2_COL","principal","VIVIENDAS_VACACIONALES_DISPONIBLES_M_PER_MIL","con_control","re","VIVIENDAS_VACACIONALES_DISPONIBLES_M_PER_MIL",0.0146205277547119,0.00453919214125156,3.22095370712389,0.00138893720585669
"ALQUILER_MED_M_M2_COL","principal","VIVIENDAS_VACACIONALES_DISPONIBLES_M_PER_MIL","con_control","re","RENTA_NETA_MEDIA_HOGAR",0.000111075007579721,6.17085984236597e-06,17.999923903171,1.08946785673409e-52
"ALQUILER_MED_M_M2_COL","principal","VIVIENDAS_VACACIONALES_RESERVADAS_M_PER_MIL","sin_control","pool","(Intercept)",5.58431811715953,0.156812194699459,35.6115041171526,1.13190725004592e-122
"ALQUILER_MED_M_M2_COL","principal","VIVIENDAS_VACACIONALES_RESERVADAS_M_PER_MIL","sin_control","pool","VIVIENDAS_VACACIONALES_RESERVADAS_M_PER_MIL",0.0352330261787105,0.0071433548133363,4.93228001399736,1.22114534852662e-06
"ALQUILER_MED_M_M2_COL","principal","VIVIENDAS_VACACIONALES_RESERVADAS_M_PER_MIL","sin_control","fe","VIVIENDAS_VACACIONALES_RESERVADAS_M_PER_MIL",0.0409418642074845,0.00652922618392782,6.27055382278929,1.25640039529202e-09
"ALQUILER_MED_M_M2_COL","principal","VIVIENDAS_VACACIONALES_RESERVADAS_M_PER_MIL","sin_control","fe_tw","VIVIENDAS_VACACIONALES_RESERVADAS_M_PER_MIL",0.0170619693711897,0.00473869700699532,3.60056136655343,0.00037239415783016
"ALQUILER_MED_M_M2_COL","principal","VIVIENDAS_VACACIONALES_RESERVADAS_M_PER_MIL","sin_control","re","(Intercept)",5.50054282472762,0.137447629454324,40.0191901931314,8.68243592132203e-138
"ALQUILER_MED_M_M2_COL","principal","VIVIENDAS_VACACIONALES_RESERVADAS_M_PER_MIL","sin_control","re","VIVIENDAS_VACACIONALES_RESERVADAS_M_PER_MIL",0.0372444151083452,0.00589552880220684,6.31740024650607,7.50235689325129e-10
"ALQUILER_MED_M_M2_COL","principal","VIVIENDAS_VACACIONALES_RESERVADAS_M_PER_MIL","con_control","pool","(Intercept)",4.25890008606527,0.598695290177601,7.11363552701722,5.74762574348616e-12
"ALQUILER_MED_M_M2_COL","principal","VIVIENDAS_VACACIONALES_RESERVADAS_M_PER_MIL","con_control","pool","VIVIENDAS_VACACIONALES_RESERVADAS_M_PER_MIL",0.0365758002819591,0.00745271669379598,4.90771376193685,1.37537975016692e-06
"ALQUILER_MED_M_M2_COL","principal","VIVIENDAS_VACACIONALES_RESERVADAS_M_PER_MIL","con_control","pool","RENTA_NETA_MEDIA_HOGAR",4.16482909591364e-05,1.76251481520122e-05,2.36300373761009,0.0186357720230672
"ALQUILER_MED_M_M2_COL","principal","VIVIENDAS_VACACIONALES_RESERVADAS_M_PER_MIL","con_control","fe","VIVIENDAS_VACACIONALES_RESERVADAS_M_PER_MIL",0.00264604270888371,0.00497336969807873,0.532042230825089,0.595093170211856
"ALQUILER_MED_M_M2_COL","principal","VIVIENDAS_VACACIONALES_RESERVADAS_M_PER_MIL","con_control","fe","RENTA_NETA_MEDIA_HOGAR",0.000121560797098555,6.0504348469611e-06,20.091249666065,2.33861626442767e-57
"ALQUILER_MED_M_M2_COL","principal","VIVIENDAS_VACACIONALES_RESERVADAS_M_PER_MIL","con_control","fe_tw","VIVIENDAS_VACACIONALES_RESERVADAS_M_PER_MIL",0.0156011287724087,0.0051109752390345,3.05247590582259,0.00247706081364809
"ALQUILER_MED_M_M2_COL","principal","VIVIENDAS_VACACIONALES_RESERVADAS_M_PER_MIL","con_control","fe_tw","RENTA_NETA_MEDIA_HOGAR",2.3949746317859e-05,1.86493229806453e-05,1.28421532206368,0.200077679334098
"ALQUILER_MED_M_M2_COL","principal","VIVIENDAS_VACACIONALES_RESERVADAS_M_PER_MIL","con_control","re","(Intercept)",2.61497854574869,0.223034198612404,11.7245631477937,2.85985227398839e-27
"ALQUILER_MED_M_M2_COL","principal","VIVIENDAS_VACACIONALES_RESERVADAS_M_PER_MIL","con_control","re","VIVIENDAS_VACACIONALES_RESERVADAS_M_PER_MIL",0.0137671615169794,0.00449400568481805,3.06344995590204,0.00234567887597976
"ALQUILER_MED_M_M2_COL","principal","VIVIENDAS_VACACIONALES_RESERVADAS_M_PER_MIL","con_control","re","RENTA_NETA_MEDIA_HOGAR",0.000109317266673939,6.18791269166785e-06,17.6662587403887,2.76425393216676e-51
"ALQUILER_MED_M_M2_COL","principal","PLAZAS_DISPONIBLES_M_PER_MIL","sin_control","pool","(Intercept)",5.63177430374127,0.160728936659192,35.038957021677,1.24002014683114e-120
"ALQUILER_MED_M_M2_COL","principal","PLAZAS_DISPONIBLES_M_PER_MIL","sin_control","pool","PLAZAS_DISPONIBLES_M_PER_MIL",0.00677367425404942,0.00145644766915925,4.65081883646364,4.58177029602296e-06
"ALQUILER_MED_M_M2_COL","principal","PLAZAS_DISPONIBLES_M_PER_MIL","sin_control","fe","PLAZAS_DISPONIBLES_M_PER_MIL",0.0082405984664115,0.0017659730070186,4.66632187109343,4.6330624080632e-06
"ALQUILER_MED_M_M2_COL","principal","PLAZAS_DISPONIBLES_M_PER_MIL","sin_control","fe_tw","PLAZAS_DISPONIBLES_M_PER_MIL",0.00400010855589565,0.00113031230719697,3.53894099040238,0.000466545574775827
"ALQUILER_MED_M_M2_COL","principal","PLAZAS_DISPONIBLES_M_PER_MIL","sin_control","re","(Intercept)",5.55299653131776,0.15519514029175,35.7807372117369,2.84669568427841e-123
"ALQUILER_MED_M_M2_COL","principal","PLAZAS_DISPONIBLES_M_PER_MIL","sin_control","re","PLAZAS_DISPONIBLES_M_PER_MIL",0.00724020862352803,0.00146923666237254,4.92787092028895,1.2473089940328e-06
"ALQUILER_MED_M_M2_COL","principal","PLAZAS_DISPONIBLES_M_PER_MIL","con_control","pool","(Intercept)",4.33031256768958,0.61440446722652,7.04798353312277,8.73034841580158e-12
"ALQUILER_MED_M_M2_COL","principal","PLAZAS_DISPONIBLES_M_PER_MIL","con_control","pool","PLAZAS_DISPONIBLES_M_PER_MIL",0.00702688071391754,0.0015417757579295,4.55765417102821,7.00461993310548e-06
"ALQUILER_MED_M_M2_COL","principal","PLAZAS_DISPONIBLES_M_PER_MIL","con_control","pool","RENTA_NETA_MEDIA_HOGAR",4.09534745209075e-05,1.78658723348623e-05,2.29227399330474,0.0224416232918132
"ALQUILER_MED_M_M2_COL","principal","PLAZAS_DISPONIBLES_M_PER_MIL","con_control","fe","PLAZAS_DISPONIBLES_M_PER_MIL",0.000591901554931643,0.00109222506013521,0.54192270122274,0.58827672570735
"ALQUILER_MED_M_M2_COL","principal","PLAZAS_DISPONIBLES_M_PER_MIL","con_control","fe","RENTA_NETA_MEDIA_HOGAR",0.000122139486683652,5.9228668137361e-06,20.6216838103451,2.52744544996332e-59
"ALQUILER_MED_M_M2_COL","principal","PLAZAS_DISPONIBLES_M_PER_MIL","con_control","fe_tw","PLAZAS_DISPONIBLES_M_PER_MIL",0.00368883238841742,0.00118388455815769,3.11587169796168,0.00201523086388282
"ALQUILER_MED_M_M2_COL","principal","PLAZAS_DISPONIBLES_M_PER_MIL","con_control","fe_tw","RENTA_NETA_MEDIA_HOGAR",2.91465052313723e-05,1.80094947849483e-05,1.61839660575776,0.106649417687251
"ALQUILER_MED_M_M2_COL","principal","PLAZAS_DISPONIBLES_M_PER_MIL","con_control","re","(Intercept)",2.49540294290959,0.22063355687975,11.3101695780105,9.99539927067618e-26
"ALQUILER_MED_M_M2_COL","principal","PLAZAS_DISPONIBLES_M_PER_MIL","con_control","re","PLAZAS_DISPONIBLES_M_PER_MIL",0.00322468169454205,0.00102273170655669,3.15300843209294,0.00174578675553618
"ALQUILER_MED_M_M2_COL","principal","PLAZAS_DISPONIBLES_M_PER_MIL","con_control","re","RENTA_NETA_MEDIA_HOGAR",0.000111917872495349,5.96652121695497e-06,18.7576425903445,6.95369236626827e-56
"ALQUILER_MED_M_M2_U","principal","VIVIENDAS_VACACIONALES_DISPONIBLES_M_PER_MIL","sin_control","pool","(Intercept)",3.8379673194809,0.145687152717993,26.3438968219117,1.30446031977415e-90
"ALQUILER_MED_M_M2_U","principal","VIVIENDAS_VACACIONALES_DISPONIBLES_M_PER_MIL","sin_control","pool","VIVIENDAS_VACACIONALES_DISPONIBLES_M_PER_MIL",0.0333464275219903,0.00670486117245072,4.97347024260634,9.64608453728015e-07
"ALQUILER_MED_M_M2_U","principal","VIVIENDAS_VACACIONALES_DISPONIBLES_M_PER_MIL","sin_control","fe","VIVIENDAS_VACACIONALES_DISPONIBLES_M_PER_MIL",0.0285835963534975,0.00637902438520026,4.48087272088397,1.02443118768334e-05
"ALQUILER_MED_M_M2_U","principal","VIVIENDAS_VACACIONALES_DISPONIBLES_M_PER_MIL","sin_control","fe_tw","VIVIENDAS_VACACIONALES_DISPONIBLES_M_PER_MIL",0.0119279119899038,0.00645050310096394,1.84914444706202,0.0653365699968267
"ALQUILER_MED_M_M2_U","principal","VIVIENDAS_VACACIONALES_DISPONIBLES_M_PER_MIL","sin_control","re","(Intercept)",3.91069821745418,0.156730528893753,24.9517324101244,1.32616415543704e-84
"ALQUILER_MED_M_M2_U","principal","VIVIENDAS_VACACIONALES_DISPONIBLES_M_PER_MIL","sin_control","re","VIVIENDAS_VACACIONALES_DISPONIBLES_M_PER_MIL",0.0302108783886001,0.00576284698823402,5.24235303319376,2.53017443632337e-07
"ALQUILER_MED_M_M2_U","principal","VIVIENDAS_VACACIONALES_DISPONIBLES_M_PER_MIL","con_control","pool","(Intercept)",1.82058199223711,0.569812239462364,3.19505596081068,0.0015050621011116
"ALQUILER_MED_M_M2_U","principal","VIVIENDAS_VACACIONALES_DISPONIBLES_M_PER_MIL","con_control","pool","VIVIENDAS_VACACIONALES_DISPONIBLES_M_PER_MIL",0.0357021602549677,0.00683372098131779,5.22441000335999,2.77444127761948e-07
"ALQUILER_MED_M_M2_U","principal","VIVIENDAS_VACACIONALES_DISPONIBLES_M_PER_MIL","con_control","pool","RENTA_NETA_MEDIA_HOGAR",6.37746698315139e-05,1.71462084605559e-05,3.71946194275107,0.000227164472664763
"ALQUILER_MED_M_M2_U","principal","VIVIENDAS_VACACIONALES_DISPONIBLES_M_PER_MIL","con_control","fe","VIVIENDAS_VACACIONALES_DISPONIBLES_M_PER_MIL",0.00415045475479885,0.0056553520900866,0.733898559927734,0.463530082802142
"ALQUILER_MED_M_M2_U","principal","VIVIENDAS_VACACIONALES_DISPONIBLES_M_PER_MIL","con_control","fe","RENTA_NETA_MEDIA_HOGAR",8.29546521189268e-05,6.91149906201055e-06,12.0024109639097,8.46916137472865e-28
"ALQUILER_MED_M_M2_U","principal","VIVIENDAS_VACACIONALES_DISPONIBLES_M_PER_MIL","con_control","fe_tw","VIVIENDAS_VACACIONALES_DISPONIBLES_M_PER_MIL",0.00952090581352905,0.00631903293555113,1.50670298930776,0.132852211652761
"ALQUILER_MED_M_M2_U","principal","VIVIENDAS_VACACIONALES_DISPONIBLES_M_PER_MIL","con_control","fe_tw","RENTA_NETA_MEDIA_HOGAR",6.12701258119099e-05,2.16207480326364e-05,2.83385781654839,0.00488473744510653
"ALQUILER_MED_M_M2_U","principal","VIVIENDAS_VACACIONALES_DISPONIBLES_M_PER_MIL","con_control","re","(Intercept)",2.01992554288612,0.241905515667185,8.35005988728736,1.03573038482676e-15
"ALQUILER_MED_M_M2_U","principal","VIVIENDAS_VACACIONALES_DISPONIBLES_M_PER_MIL","con_control","re","VIVIENDAS_VACACIONALES_DISPONIBLES_M_PER_MIL",0.014151147408482,0.00525410040403061,2.69335306147293,0.00736114042707375
"ALQUILER_MED_M_M2_U","principal","VIVIENDAS_VACACIONALES_DISPONIBLES_M_PER_MIL","con_control","re","RENTA_NETA_MEDIA_HOGAR",7.48604067274162e-05,6.61476682181051e-06,11.3171648742905,4.69250102528482e-26
"ALQUILER_MED_M_M2_U","principal","VIVIENDAS_VACACIONALES_RESERVADAS_M_PER_MIL","sin_control","pool","(Intercept)",3.85119303685261,0.144300697642497,26.688665403364,4.3624679377585e-92
"ALQUILER_MED_M_M2_U","principal","VIVIENDAS_VACACIONALES_RESERVADAS_M_PER_MIL","sin_control","pool","VIVIENDAS_VACACIONALES_RESERVADAS_M_PER_MIL",0.0367513533533585,0.00738656548299667,4.97543187533603,9.55436140508218e-07
"ALQUILER_MED_M_M2_U","principal","VIVIENDAS_VACACIONALES_RESERVADAS_M_PER_MIL","sin_control","fe","VIVIENDAS_VACACIONALES_RESERVADAS_M_PER_MIL",0.0302111829429266,0.00564040190287706,5.35621104012401,1.59104921861487e-07
"ALQUILER_MED_M_M2_U","principal","VIVIENDAS_VACACIONALES_RESERVADAS_M_PER_MIL","sin_control","fe_tw","VIVIENDAS_VACACIONALES_RESERVADAS_M_PER_MIL",0.0128482494192367,0.00569864467220767,2.25461494061873,0.0248167642264662
"ALQUILER_MED_M_M2_U","principal","VIVIENDAS_VACACIONALES_RESERVADAS_M_PER_MIL","sin_control","re","(Intercept)",3.9546075583946,0.150185002254467,26.3315743851313,1.47321487298973e-90
"ALQUILER_MED_M_M2_U","principal","VIVIENDAS_VACACIONALES_RESERVADAS_M_PER_MIL","sin_control","re","VIVIENDAS_VACACIONALES_RESERVADAS_M_PER_MIL",0.031876934815299,0.00544863754191913,5.85044143055095,9.95539206248159e-09
"ALQUILER_MED_M_M2_U","principal","VIVIENDAS_VACACIONALES_RESERVADAS_M_PER_MIL","con_control","pool","(Intercept)",1.98121566695295,0.578285091102818,3.42601892636498,0.000673729124912153
"ALQUILER_MED_M_M2_U","principal","VIVIENDAS_VACACIONALES_RESERVADAS_M_PER_MIL","con_control","pool","VIVIENDAS_VACACIONALES_RESERVADAS_M_PER_MIL",0.0389186497257618,0.00747266078671978,5.20813815005854,3.01266580233151e-07
"ALQUILER_MED_M_M2_U","principal","VIVIENDAS_VACACIONALES_RESERVADAS_M_PER_MIL","con_control","pool","RENTA_NETA_MEDIA_HOGAR",5.93179773558299e-05,1.75325406754996e-05,3.38330755671494,0.000784401730489835
"ALQUILER_MED_M_M2_U","principal","VIVIENDAS_VACACIONALES_RESERVADAS_M_PER_MIL","con_control","fe","VIVIENDAS_VACACIONALES_RESERVADAS_M_PER_MIL",0.00491930908388693,0.00513365290414131,0.958247309614276,0.338637458231702
"ALQUILER_MED_M_M2_U","principal","VIVIENDAS_VACACIONALES_RESERVADAS_M_PER_MIL","con_control","fe","RENTA_NETA_MEDIA_HOGAR",8.15841411635148e-05,7.23308873637949e-06,11.279294937055,3.46746834979429e-25
"ALQUILER_MED_M_M2_U","principal","VIVIENDAS_VACACIONALES_RESERVADAS_M_PER_MIL","con_control","fe_tw","VIVIENDAS_VACACIONALES_RESERVADAS_M_PER_MIL",0.00998775337194075,0.00570089664586042,1.75196183905441,0.0807177366589332
"ALQUILER_MED_M_M2_U","principal","VIVIENDAS_VACACIONALES_RESERVADAS_M_PER_MIL","con_control","fe_tw","RENTA_NETA_MEDIA_HOGAR",5.78224932421087e-05,2.19084373944606e-05,2.63927966203234,0.00870618250196554
"ALQUILER_MED_M_M2_U","principal","VIVIENDAS_VACACIONALES_RESERVADAS_M_PER_MIL","con_control","re","(Intercept)",2.12960742830725,0.245173068744118,8.68613930239569,8.77565008378835e-17
"ALQUILER_MED_M_M2_U","principal","VIVIENDAS_VACACIONALES_RESERVADAS_M_PER_MIL","con_control","re","VIVIENDAS_VACACIONALES_RESERVADAS_M_PER_MIL",0.0136788866959964,0.00503693138401719,2.71571829217313,0.00689011375051148
"ALQUILER_MED_M_M2_U","principal","VIVIENDAS_VACACIONALES_RESERVADAS_M_PER_MIL","con_control","re","RENTA_NETA_MEDIA_HOGAR",7.28750804193441e-05,6.92862028353544e-06,10.5179786793221,4.33697063841081e-23
"ALQUILER_MED_M_M2_U","principal","PLAZAS_DISPONIBLES_M_PER_MIL","sin_control","pool","(Intercept)",3.85607883537861,0.140957292672302,27.356362783891,6.25688504133925e-95
"ALQUILER_MED_M_M2_U","principal","PLAZAS_DISPONIBLES_M_PER_MIL","sin_control","pool","PLAZAS_DISPONIBLES_M_PER_MIL",0.00757804215400138,0.00139931901139702,5.41552147314555,1.03680186049422e-07
"ALQUILER_MED_M_M2_U","principal","PLAZAS_DISPONIBLES_M_PER_MIL","sin_control","fe","PLAZAS_DISPONIBLES_M_PER_MIL",0.00589664011949141,0.00141770357368954,4.15928987478359,4.06934234872802e-05
"ALQUILER_MED_M_M2_U","principal","PLAZAS_DISPONIBLES_M_PER_MIL","sin_control","fe_tw","PLAZAS_DISPONIBLES_M_PER_MIL",0.00240526679158214,0.00134165165474723,1.79276549398755,0.0739317617425672
"ALQUILER_MED_M_M2_U","principal","PLAZAS_DISPONIBLES_M_PER_MIL","sin_control","re","(Intercept)",3.96328110188828,0.151826412991844,26.1040290934173,1.39649382217006e-89
"ALQUILER_MED_M_M2_U","principal","PLAZAS_DISPONIBLES_M_PER_MIL","sin_control","re","PLAZAS_DISPONIBLES_M_PER_MIL",0.00653685809721754,0.00125404958520291,5.21259938550186,2.94232860228787e-07
"ALQUILER_MED_M_M2_U","principal","PLAZAS_DISPONIBLES_M_PER_MIL","con_control","pool","(Intercept)",2.0308576518968,0.582446177993611,3.48677307642849,0.000541200452133022
"ALQUILER_MED_M_M2_U","principal","PLAZAS_DISPONIBLES_M_PER_MIL","con_control","pool","PLAZAS_DISPONIBLES_M_PER_MIL",0.00796632266056238,0.00146659802953244,5.43183783159869,9.53233625793195e-08
"ALQUILER_MED_M_M2_U","principal","PLAZAS_DISPONIBLES_M_PER_MIL","con_control","pool","RENTA_NETA_MEDIA_HOGAR",5.80764063601825e-05,1.74507242671917e-05,3.32802269240877,0.000952854099747776
"ALQUILER_MED_M_M2_U","principal","PLAZAS_DISPONIBLES_M_PER_MIL","con_control","fe","PLAZAS_DISPONIBLES_M_PER_MIL",0.000610169311182359,0.00116099067054326,0.525559185498748,0.59954641308228
"ALQUILER_MED_M_M2_U","principal","PLAZAS_DISPONIBLES_M_PER_MIL","con_control","fe","RENTA_NETA_MEDIA_HOGAR",8.41601455000891e-05,6.69258526652213e-06,12.5751323514812,6.53794312296203e-30
"ALQUILER_MED_M_M2_U","principal","PLAZAS_DISPONIBLES_M_PER_MIL","con_control","fe_tw","PLAZAS_DISPONIBLES_M_PER_MIL",0.00183822341650692,0.00129419752678024,1.4203576953822,0.156456319344883
"ALQUILER_MED_M_M2_U","principal","PLAZAS_DISPONIBLES_M_PER_MIL","con_control","fe_tw","RENTA_NETA_MEDIA_HOGAR",6.22691425621852e-05,2.13237572979617e-05,2.92017685683083,0.00374127349831319
"ALQUILER_MED_M_M2_U","principal","PLAZAS_DISPONIBLES_M_PER_MIL","con_control","re","(Intercept)",2.00802818954004,0.240018484482597,8.3661397740624,9.2174986260917e-16
"ALQUILER_MED_M_M2_U","principal","PLAZAS_DISPONIBLES_M_PER_MIL","con_control","re","PLAZAS_DISPONIBLES_M_PER_MIL",0.00307924081296782,0.00107832812914051,2.85556940392731,0.00451214907273799
"ALQUILER_MED_M_M2_U","principal","PLAZAS_DISPONIBLES_M_PER_MIL","con_control","re","RENTA_NETA_MEDIA_HOGAR",7.59902143705911e-05,6.42415227584824e-06,11.8288314329469,5.17907696997394e-28
"ALQUILER_MED_M_T_INMU_COL","robustez","VIVIENDAS_VACACIONALES_DISPONIBLES_M_PER_MIL","sin_control","pool","(Intercept)",415.545071663692,8.12658878856777,51.1340099117932,1.18226495097544e-171
"ALQUILER_MED_M_T_INMU_COL","robustez","VIVIENDAS_VACACIONALES_DISPONIBLES_M_PER_MIL","sin_control","pool","VIVIENDAS_VACACIONALES_DISPONIBLES_M_PER_MIL",0.769892573970235,0.228480051857048,3.36962709747602,0.000830424075199036
"ALQUILER_MED_M_T_INMU_COL","robustez","VIVIENDAS_VACACIONALES_DISPONIBLES_M_PER_MIL","sin_control","fe","VIVIENDAS_VACACIONALES_DISPONIBLES_M_PER_MIL",1.90723975945057,0.510926265052474,3.73290607648579,0.000226551768267757
"ALQUILER_MED_M_T_INMU_COL","robustez","VIVIENDAS_VACACIONALES_DISPONIBLES_M_PER_MIL","sin_control","fe_tw","VIVIENDAS_VACACIONALES_DISPONIBLES_M_PER_MIL",0.227996581318549,0.378199611961897,0.602847211121727,0.547073492372365
"ALQUILER_MED_M_T_INMU_COL","robustez","VIVIENDAS_VACACIONALES_DISPONIBLES_M_PER_MIL","sin_control","re","(Intercept)",406.484522515084,8.74229222283575,46.4963321007854,3.25498859165248e-158
"ALQUILER_MED_M_T_INMU_COL","robustez","VIVIENDAS_VACACIONALES_DISPONIBLES_M_PER_MIL","sin_control","re","VIVIENDAS_VACACIONALES_DISPONIBLES_M_PER_MIL",1.08300601963212,0.278985024010187,3.88195037878654,0.000122316676282659
"ALQUILER_MED_M_T_INMU_COL","robustez","VIVIENDAS_VACACIONALES_DISPONIBLES_M_PER_MIL","con_control","pool","(Intercept)",236.237562194626,30.6002324454475,7.7201231270311,1.06107533391292e-13
"ALQUILER_MED_M_T_INMU_COL","robustez","VIVIENDAS_VACACIONALES_DISPONIBLES_M_PER_MIL","con_control","pool","VIVIENDAS_VACACIONALES_DISPONIBLES_M_PER_MIL",0.956517297372216,0.230838494524997,4.14366459693158,4.22566383403699e-05
"ALQUILER_MED_M_T_INMU_COL","robustez","VIVIENDAS_VACACIONALES_DISPONIBLES_M_PER_MIL","con_control","pool","RENTA_NETA_MEDIA_HOGAR",0.00561575652611509,0.000936693129014826,5.99530022390738,4.76639397373607e-09
"ALQUILER_MED_M_T_INMU_COL","robustez","VIVIENDAS_VACACIONALES_DISPONIBLES_M_PER_MIL","con_control","fe","VIVIENDAS_VACACIONALES_DISPONIBLES_M_PER_MIL",-0.668847190950344,0.33672803316393,-1.98631276602007,0.0479144300214949
"ALQUILER_MED_M_T_INMU_COL","robustez","VIVIENDAS_VACACIONALES_DISPONIBLES_M_PER_MIL","con_control","fe","RENTA_NETA_MEDIA_HOGAR",0.00862761437173163,0.000388221881364238,22.2234108531276,3.34267971095963e-65
"ALQUILER_MED_M_T_INMU_COL","robustez","VIVIENDAS_VACACIONALES_DISPONIBLES_M_PER_MIL","con_control","fe_tw","VIVIENDAS_VACACIONALES_DISPONIBLES_M_PER_MIL",0.0576798841752433,0.369880433419707,0.155941971955552,0.876185780257175
"ALQUILER_MED_M_T_INMU_COL","robustez","VIVIENDAS_VACACIONALES_DISPONIBLES_M_PER_MIL","con_control","fe_tw","RENTA_NETA_MEDIA_HOGAR",0.00340494080138992,0.00117871160067864,2.88869711592685,0.00415593830751136
"ALQUILER_MED_M_T_INMU_COL","robustez","VIVIENDAS_VACACIONALES_DISPONIBLES_M_PER_MIL","con_control","re","(Intercept)",182.852657402169,12.0541655652664,15.1692505310406,6.89714561816996e-41
"ALQUILER_MED_M_T_INMU_COL","robustez","VIVIENDAS_VACACIONALES_DISPONIBLES_M_PER_MIL","con_control","re","VIVIENDAS_VACACIONALES_DISPONIBLES_M_PER_MIL",0.0737289201536362,0.255522890943304,0.288541350958632,0.773091382700846
"ALQUILER_MED_M_T_INMU_COL","robustez","VIVIENDAS_VACACIONALES_DISPONIBLES_M_PER_MIL","con_control","re","RENTA_NETA_MEDIA_HOGAR",0.00798241113736016,0.000358621870841232,22.2585731278339,1.27672320045453e-70
"ALQUILER_MED_M_T_INMU_COL","robustez","VIVIENDAS_VACACIONALES_RESERVADAS_M_PER_MIL","sin_control","pool","(Intercept)",415.566489990611,8.08306487390805,51.411994889717,1.97728506261047e-172
"ALQUILER_MED_M_T_INMU_COL","robustez","VIVIENDAS_VACACIONALES_RESERVADAS_M_PER_MIL","sin_control","pool","VIVIENDAS_VACACIONALES_RESERVADAS_M_PER_MIL",0.861145891507994,0.253623634345363,3.39536925937809,0.000758241546793146
"ALQUILER_MED_M_T_INMU_COL","robustez","VIVIENDAS_VACACIONALES_RESERVADAS_M_PER_MIL","sin_control","fe","VIVIENDAS_VACACIONALES_RESERVADAS_M_PER_MIL",2.09498742143282,0.433500956050774,4.83271695757793,2.15623846440787e-06
"ALQUILER_MED_M_T_INMU_COL","robustez","VIVIENDAS_VACACIONALES_RESERVADAS_M_PER_MIL","sin_control","fe_tw","VIVIENDAS_VACACIONALES_RESERVADAS_M_PER_MIL",0.228766018176113,0.332664571454403,0.687677732485767,0.492196066010687
"ALQUILER_MED_M_T_INMU_COL","robustez","VIVIENDAS_VACACIONALES_RESERVADAS_M_PER_MIL","sin_control","re","(Intercept)",403.883019413445,8.29830104857512,48.670567270248,1.24711591901524e-164
"ALQUILER_MED_M_T_INMU_COL","robustez","VIVIENDAS_VACACIONALES_RESERVADAS_M_PER_MIL","sin_control","re","VIVIENDAS_VACACIONALES_RESERVADAS_M_PER_MIL",1.32863099369317,0.283618559780884,4.68456998977653,3.92302436277109e-06
"ALQUILER_MED_M_T_INMU_COL","robustez","VIVIENDAS_VACACIONALES_RESERVADAS_M_PER_MIL","con_control","pool","(Intercept)",241.001739687496,30.5610443928414,7.88591307906834,3.42420587113619e-14
"ALQUILER_MED_M_T_INMU_COL","robustez","VIVIENDAS_VACACIONALES_RESERVADAS_M_PER_MIL","con_control","pool","VIVIENDAS_VACACIONALES_RESERVADAS_M_PER_MIL",1.03799653073882,0.253284151317821,4.09815033960155,5.10476638528522e-05
"ALQUILER_MED_M_T_INMU_COL","robustez","VIVIENDAS_VACACIONALES_RESERVADAS_M_PER_MIL","con_control","pool","RENTA_NETA_MEDIA_HOGAR",0.00548530602517213,0.000941675213752197,5.82505087217427,1.22700490224125e-08
"ALQUILER_MED_M_T_INMU_COL","robustez","VIVIENDAS_VACACIONALES_RESERVADAS_M_PER_MIL","con_control","fe","VIVIENDAS_VACACIONALES_RESERVADAS_M_PER_MIL",-0.654442604716536,0.293147149191031,-2.23247132548461,0.0263266623567641
"ALQUILER_MED_M_T_INMU_COL","robustez","VIVIENDAS_VACACIONALES_RESERVADAS_M_PER_MIL","con_control","fe","RENTA_NETA_MEDIA_HOGAR",0.00872739877267363,0.000397839249832856,21.936997861172,3.69926539196145e-64
"ALQUILER_MED_M_T_INMU_COL","robustez","VIVIENDAS_VACACIONALES_RESERVADAS_M_PER_MIL","con_control","fe_tw","VIVIENDAS_VACACIONALES_RESERVADAS_M_PER_MIL",0.0193986973747697,0.327215883146859,0.0592840946112121,0.952766105418961
"ALQUILER_MED_M_T_INMU_COL","robustez","VIVIENDAS_VACACIONALES_RESERVADAS_M_PER_MIL","con_control","fe_tw","RENTA_NETA_MEDIA_HOGAR",0.0034324718416411,0.00120379115611714,2.85138483049885,0.00466120913574156
"ALQUILER_MED_M_T_INMU_COL","robustez","VIVIENDAS_VACACIONALES_RESERVADAS_M_PER_MIL","con_control","re","(Intercept)",183.286482725319,12.1337411770913,15.1055210466634,1.25924299624227e-40
"ALQUILER_MED_M_T_INMU_COL","robustez","VIVIENDAS_VACACIONALES_RESERVADAS_M_PER_MIL","con_control","re","VIVIENDAS_VACACIONALES_RESERVADAS_M_PER_MIL",-0.000584171103775652,0.244998116242614,-0.00238439018525826,0.998098798207518
"ALQUILER_MED_M_T_INMU_COL","robustez","VIVIENDAS_VACACIONALES_RESERVADAS_M_PER_MIL","con_control","re","RENTA_NETA_MEDIA_HOGAR",0.00802723437858523,0.000374606595947195,21.4284384349622,3.83598929974394e-67
"ALQUILER_MED_M_T_INMU_COL","robustez","PLAZAS_DISPONIBLES_M_PER_MIL","sin_control","pool","(Intercept)",415.05303930137,7.78468324581035,53.3166252492994,1.14410276401569e-177
"ALQUILER_MED_M_T_INMU_COL","robustez","PLAZAS_DISPONIBLES_M_PER_MIL","sin_control","pool","PLAZAS_DISPONIBLES_M_PER_MIL",0.181789089742524,0.0433255935484658,4.19588226850642,3.39282061665604e-05
"ALQUILER_MED_M_T_INMU_COL","robustez","PLAZAS_DISPONIBLES_M_PER_MIL","sin_control","fe","PLAZAS_DISPONIBLES_M_PER_MIL",0.395292454860596,0.109742326474813,3.60200542086486,0.000369649690501488
"ALQUILER_MED_M_T_INMU_COL","robustez","PLAZAS_DISPONIBLES_M_PER_MIL","sin_control","fe_tw","PLAZAS_DISPONIBLES_M_PER_MIL",0.061418610325377,0.0769488256773919,0.798174758155175,0.425411144284684
"ALQUILER_MED_M_T_INMU_COL","robustez","PLAZAS_DISPONIBLES_M_PER_MIL","sin_control","re","(Intercept)",407.811089598622,8.26059121200251,49.3682690660299,1.20424442988779e-166
"ALQUILER_MED_M_T_INMU_COL","robustez","PLAZAS_DISPONIBLES_M_PER_MIL","sin_control","re","PLAZAS_DISPONIBLES_M_PER_MIL",0.238701722752949,0.0555603232249264,4.29626231270481,2.21316028574303e-05
"ALQUILER_MED_M_T_INMU_COL","robustez","PLAZAS_DISPONIBLES_M_PER_MIL","con_control","pool","(Intercept)",239.45343246461,30.3074167402712,7.90081960850309,3.09061051990891e-14
"ALQUILER_MED_M_T_INMU_COL","robustez","PLAZAS_DISPONIBLES_M_PER_MIL","con_control","pool","PLAZAS_DISPONIBLES_M_PER_MIL",0.215952948402141,0.0455954425164078,4.73628363897179,3.08994267809454e-06
"ALQUILER_MED_M_T_INMU_COL","robustez","PLAZAS_DISPONIBLES_M_PER_MIL","con_control","pool","RENTA_NETA_MEDIA_HOGAR",0.00552564383973946,0.000934624586881301,5.91215330443819,7.58402811096977e-09
"ALQUILER_MED_M_T_INMU_COL","robustez","PLAZAS_DISPONIBLES_M_PER_MIL","con_control","fe","PLAZAS_DISPONIBLES_M_PER_MIL",-0.141435872946309,0.06960855358045,-2.03187490144935,0.0430531791134631
"ALQUILER_MED_M_T_INMU_COL","robustez","PLAZAS_DISPONIBLES_M_PER_MIL","con_control","fe","RENTA_NETA_MEDIA_HOGAR",0.00857083542538054,0.000377076730604368,22.729685312704,4.86369917407598e-67
"ALQUILER_MED_M_T_INMU_COL","robustez","PLAZAS_DISPONIBLES_M_PER_MIL","con_control","fe_tw","PLAZAS_DISPONIBLES_M_PER_MIL",0.025556233519573,0.0749421980540213,0.341012596149782,0.733337669757427
"ALQUILER_MED_M_T_INMU_COL","robustez","PLAZAS_DISPONIBLES_M_PER_MIL","con_control","fe_tw","RENTA_NETA_MEDIA_HOGAR",0.00335799223450971,0.00115709988345579,2.90207637432365,0.00398728743158538
"ALQUILER_MED_M_T_INMU_COL","robustez","PLAZAS_DISPONIBLES_M_PER_MIL","con_control","re","(Intercept)",182.566053753146,11.9955158360131,15.2195250499394,4.28791123480991e-41
"ALQUILER_MED_M_T_INMU_COL","robustez","PLAZAS_DISPONIBLES_M_PER_MIL","con_control","re","PLAZAS_DISPONIBLES_M_PER_MIL",0.0283238543344194,0.0514798912840627,0.550192582539272,0.582513979568086
"ALQUILER_MED_M_T_INMU_COL","robustez","PLAZAS_DISPONIBLES_M_PER_MIL","con_control","re","RENTA_NETA_MEDIA_HOGAR",0.0079534120918622,0.000350783709486322,22.6732652537057,2.37331129937961e-72
"ALQUILER_MED_M_T_INMU_U","robustez","VIVIENDAS_VACACIONALES_DISPONIBLES_M_PER_MIL","sin_control","pool","(Intercept)",443.792666221218,10.7922626314458,41.1213738375978,1.85704262101523e-148
"ALQUILER_MED_M_T_INMU_U","robustez","VIVIENDAS_VACACIONALES_DISPONIBLES_M_PER_MIL","sin_control","pool","VIVIENDAS_VACACIONALES_DISPONIBLES_M_PER_MIL",0.686797181358451,0.318324451456342,2.15753825449581,0.0315370208293725
"ALQUILER_MED_M_T_INMU_U","robustez","VIVIENDAS_VACACIONALES_DISPONIBLES_M_PER_MIL","sin_control","fe","VIVIENDAS_VACACIONALES_DISPONIBLES_M_PER_MIL",2.21347987832417,0.333063995581237,6.64580953717732,1.23786795292095e-10
"ALQUILER_MED_M_T_INMU_U","robustez","VIVIENDAS_VACACIONALES_DISPONIBLES_M_PER_MIL","sin_control","fe_tw","VIVIENDAS_VACACIONALES_DISPONIBLES_M_PER_MIL",0.836444206918352,0.294848419939476,2.83686175795024,0.00483924790969365
"ALQUILER_MED_M_T_INMU_U","robustez","VIVIENDAS_VACACIONALES_DISPONIBLES_M_PER_MIL","sin_control","re","(Intercept)",423.328388531628,10.5187135964787,40.2452623744166,2.36541133658216e-145
"ALQUILER_MED_M_T_INMU_U","robustez","VIVIENDAS_VACACIONALES_DISPONIBLES_M_PER_MIL","sin_control","re","VIVIENDAS_VACACIONALES_DISPONIBLES_M_PER_MIL",1.46587887816632,0.233098999815993,6.28865365927556,8.12673881446878e-10
"ALQUILER_MED_M_T_INMU_U","robustez","VIVIENDAS_VACACIONALES_DISPONIBLES_M_PER_MIL","con_control","pool","(Intercept)",184.869829490248,42.2805062456277,4.37246016914392,1.55601881366694e-05
"ALQUILER_MED_M_T_INMU_U","robustez","VIVIENDAS_VACACIONALES_DISPONIBLES_M_PER_MIL","con_control","pool","VIVIENDAS_VACACIONALES_DISPONIBLES_M_PER_MIL",0.989145470287391,0.294811744281562,3.35517661515784,0.00086630645307213
"ALQUILER_MED_M_T_INMU_U","robustez","VIVIENDAS_VACACIONALES_DISPONIBLES_M_PER_MIL","con_control","pool","RENTA_NETA_MEDIA_HOGAR",0.0081852079527696,0.00137775277515282,5.94098455135514,6.01272790318224e-09
"ALQUILER_MED_M_T_INMU_U","robustez","VIVIENDAS_VACACIONALES_DISPONIBLES_M_PER_MIL","con_control","fe","VIVIENDAS_VACACIONALES_DISPONIBLES_M_PER_MIL",0.0974025572237962,0.309502141417883,0.314707215845351,0.753182249326598
"ALQUILER_MED_M_T_INMU_U","robustez","VIVIENDAS_VACACIONALES_DISPONIBLES_M_PER_MIL","con_control","fe","RENTA_NETA_MEDIA_HOGAR",0.00718444074494216,0.000619143338916548,11.6038408125562,2.37563631976554e-26
"ALQUILER_MED_M_T_INMU_U","robustez","VIVIENDAS_VACACIONALES_DISPONIBLES_M_PER_MIL","con_control","fe_tw","VIVIENDAS_VACACIONALES_DISPONIBLES_M_PER_MIL",0.774883632175928,0.31610068114178,2.45138235506797,0.0147537146343646
"ALQUILER_MED_M_T_INMU_U","robustez","VIVIENDAS_VACACIONALES_DISPONIBLES_M_PER_MIL","con_control","fe_tw","RENTA_NETA_MEDIA_HOGAR",0.00156701889531611,0.00172873471569856,0.906454229839942,0.365362924601899
"ALQUILER_MED_M_T_INMU_U","robustez","VIVIENDAS_VACACIONALES_DISPONIBLES_M_PER_MIL","con_control","re","(Intercept)",234.735879417066,17.451660352241,13.4506330446045,1.80104598500198e-34
"ALQUILER_MED_M_T_INMU_U","robustez","VIVIENDAS_VACACIONALES_DISPONIBLES_M_PER_MIL","con_control","re","VIVIENDAS_VACACIONALES_DISPONIBLES_M_PER_MIL",0.465593071871029,0.20136624711338,2.31217037882658,0.02125815692353
"ALQUILER_MED_M_T_INMU_U","robustez","VIVIENDAS_VACACIONALES_DISPONIBLES_M_PER_MIL","con_control","re","RENTA_NETA_MEDIA_HOGAR",0.00697167426177095,0.000583731306654771,11.9432933993621,1.86494213505758e-28
"ALQUILER_MED_M_T_INMU_U","robustez","VIVIENDAS_VACACIONALES_RESERVADAS_M_PER_MIL","sin_control","pool","(Intercept)",443.950198841911,10.7016785172753,41.4841651358952,9.87957711875121e-150
"ALQUILER_MED_M_T_INMU_U","robustez","VIVIENDAS_VACACIONALES_RESERVADAS_M_PER_MIL","sin_control","pool","VIVIENDAS_VACACIONALES_RESERVADAS_M_PER_MIL",0.762038055315464,0.351159726500591,2.17006107992336,0.0305688374503958
"ALQUILER_MED_M_T_INMU_U","robustez","VIVIENDAS_VACACIONALES_RESERVADAS_M_PER_MIL","sin_control","fe","VIVIENDAS_VACACIONALES_RESERVADAS_M_PER_MIL",2.31671323981538,0.298481861157467,7.76165503267609,1.04635524440244e-13
"ALQUILER_MED_M_T_INMU_U","robustez","VIVIENDAS_VACACIONALES_RESERVADAS_M_PER_MIL","sin_control","fe_tw","VIVIENDAS_VACACIONALES_RESERVADAS_M_PER_MIL",0.784407900715726,0.275998546645171,2.84207257701315,0.00476274972556392
"ALQUILER_MED_M_T_INMU_U","robustez","VIVIENDAS_VACACIONALES_RESERVADAS_M_PER_MIL","sin_control","re","(Intercept)",421.697819991017,10.1527818604345,41.5351994938824,6.54723890395825e-150
"ALQUILER_MED_M_T_INMU_U","robustez","VIVIENDAS_VACACIONALES_RESERVADAS_M_PER_MIL","sin_control","re","VIVIENDAS_VACACIONALES_RESERVADAS_M_PER_MIL",1.71361397642843,0.223034634245458,7.68317432951932,1.1298697572303e-13
"ALQUILER_MED_M_T_INMU_U","robustez","VIVIENDAS_VACACIONALES_RESERVADAS_M_PER_MIL","con_control","pool","(Intercept)",190.354747919246,42.4758869376159,4.48147788411856,9.60642829945169e-06
"ALQUILER_MED_M_T_INMU_U","robustez","VIVIENDAS_VACACIONALES_RESERVADAS_M_PER_MIL","con_control","pool","VIVIENDAS_VACACIONALES_RESERVADAS_M_PER_MIL",1.0559541794834,0.322257050057461,3.27674500618409,0.00113859770802152
"ALQUILER_MED_M_T_INMU_U","robustez","VIVIENDAS_VACACIONALES_RESERVADAS_M_PER_MIL","con_control","pool","RENTA_NETA_MEDIA_HOGAR",0.00804435896257893,0.00139068263090253,5.78446784609531,1.43597672210014e-08
"ALQUILER_MED_M_T_INMU_U","robustez","VIVIENDAS_VACACIONALES_RESERVADAS_M_PER_MIL","con_control","fe","VIVIENDAS_VACACIONALES_RESERVADAS_M_PER_MIL",0.0934699508311244,0.296952238048948,0.314764257865999,0.753138974544453
"ALQUILER_MED_M_T_INMU_U","robustez","VIVIENDAS_VACACIONALES_RESERVADAS_M_PER_MIL","con_control","fe","RENTA_NETA_MEDIA_HOGAR",0.00717152850517243,0.000648546234868298,11.0578523466855,2.11949904130988e-24
"ALQUILER_MED_M_T_INMU_U","robustez","VIVIENDAS_VACACIONALES_RESERVADAS_M_PER_MIL","con_control","fe_tw","VIVIENDAS_VACACIONALES_RESERVADAS_M_PER_MIL",0.715563038499631,0.310217835945599,2.30664699313135,0.0216991873045731
"ALQUILER_MED_M_T_INMU_U","robustez","VIVIENDAS_VACACIONALES_RESERVADAS_M_PER_MIL","con_control","fe_tw","RENTA_NETA_MEDIA_HOGAR",0.00139164030099153,0.00177176530867587,0.785454085920426,0.432756107884302
"ALQUILER_MED_M_T_INMU_U","robustez","VIVIENDAS_VACACIONALES_RESERVADAS_M_PER_MIL","con_control","re","(Intercept)",238.363087476443,17.9087549426087,13.3098637085779,6.75646077307455e-34
"ALQUILER_MED_M_T_INMU_U","robustez","VIVIENDAS_VACACIONALES_RESERVADAS_M_PER_MIL","con_control","re","VIVIENDAS_VACACIONALES_RESERVADAS_M_PER_MIL",0.427378453107102,0.2067895155257,2.06673172970409,0.0393806540322088
"ALQUILER_MED_M_T_INMU_U","robustez","VIVIENDAS_VACACIONALES_RESERVADAS_M_PER_MIL","con_control","re","RENTA_NETA_MEDIA_HOGAR",0.006922405710877,0.000606424543658029,11.4151146804187,1.99571168609725e-26
"ALQUILER_MED_M_T_INMU_U","robustez","PLAZAS_DISPONIBLES_M_PER_MIL","sin_control","pool","(Intercept)",440.633430768254,10.3363998048787,42.6292944435332,1.04148020596275e-153
"ALQUILER_MED_M_T_INMU_U","robustez","PLAZAS_DISPONIBLES_M_PER_MIL","sin_control","pool","PLAZAS_DISPONIBLES_M_PER_MIL",0.188694690483055,0.062148247825443,3.03620290330703,0.00254678524169899
"ALQUILER_MED_M_T_INMU_U","robustez","PLAZAS_DISPONIBLES_M_PER_MIL","sin_control","fe","PLAZAS_DISPONIBLES_M_PER_MIL",0.447115450387778,0.0795862490520852,5.61799878387487,4.0918431967099e-08
"ALQUILER_MED_M_T_INMU_U","robustez","PLAZAS_DISPONIBLES_M_PER_MIL","sin_control","fe_tw","PLAZAS_DISPONIBLES_M_PER_MIL",0.164839685702294,0.0616606823754576,2.67333541167401,0.00788580604672594
"ALQUILER_MED_M_T_INMU_U","robustez","PLAZAS_DISPONIBLES_M_PER_MIL","sin_control","re","(Intercept)",426.574043400686,10.2583874271968,41.5829531130558,4.45642253680633e-150
"ALQUILER_MED_M_T_INMU_U","robustez","PLAZAS_DISPONIBLES_M_PER_MIL","sin_control","re","PLAZAS_DISPONIBLES_M_PER_MIL",0.310792320992244,0.0528962094416333,5.87551214487643,8.6593363128059e-09
"ALQUILER_MED_M_T_INMU_U","robustez","PLAZAS_DISPONIBLES_M_PER_MIL","con_control","pool","(Intercept)",185.80543073652,41.7845972994576,4.44674456008056,1.12139109521354e-05
"ALQUILER_MED_M_T_INMU_U","robustez","PLAZAS_DISPONIBLES_M_PER_MIL","con_control","pool","PLAZAS_DISPONIBLES_M_PER_MIL",0.242904419053869,0.0606260161560614,4.00660367371976,7.30363164110573e-05
"ALQUILER_MED_M_T_INMU_U","robustez","PLAZAS_DISPONIBLES_M_PER_MIL","con_control","pool","RENTA_NETA_MEDIA_HOGAR",0.00810832934426276,0.00136892237246374,5.92314765786875,6.64603373912135e-09
"ALQUILER_MED_M_T_INMU_U","robustez","PLAZAS_DISPONIBLES_M_PER_MIL","con_control","fe","PLAZAS_DISPONIBLES_M_PER_MIL",-0.0103498960965997,0.0647671617656374,-0.159801600293235,0.873134833560883
"ALQUILER_MED_M_T_INMU_U","robustez","PLAZAS_DISPONIBLES_M_PER_MIL","con_control","fe","RENTA_NETA_MEDIA_HOGAR",0.007282807664588,0.000613349080445235,11.8738380748877,2.49469402044741e-27
"ALQUILER_MED_M_T_INMU_U","robustez","PLAZAS_DISPONIBLES_M_PER_MIL","con_control","fe_tw","PLAZAS_DISPONIBLES_M_PER_MIL",0.149836657211623,0.0658646222454066,2.27491864529858,0.0235578494037302
"ALQUILER_MED_M_T_INMU_U","robustez","PLAZAS_DISPONIBLES_M_PER_MIL","con_control","fe_tw","RENTA_NETA_MEDIA_HOGAR",0.00164753837363185,0.0017211967549786,0.957205135825583,0.339170866214415
"ALQUILER_MED_M_T_INMU_U","robustez","PLAZAS_DISPONIBLES_M_PER_MIL","con_control","re","(Intercept)",234.30618730441,17.320097892025,13.5279944007878,8.6893747554202e-35
"ALQUILER_MED_M_T_INMU_U","robustez","PLAZAS_DISPONIBLES_M_PER_MIL","con_control","re","PLAZAS_DISPONIBLES_M_PER_MIL",0.103616729544724,0.0437672521696798,2.36744882093617,0.0183701535385582
"ALQUILER_MED_M_T_INMU_U","robustez","PLAZAS_DISPONIBLES_M_PER_MIL","con_control","re","RENTA_NETA_MEDIA_HOGAR",0.0070019452855796,0.000580796262338126,12.0557685020074,6.80472540934516e-29
